mij_mii,mij
1,.7997827
.1417423,.113363
.0002372,.0001897
.0054982,.0043974
8.32e-06,6.66e-06
.0000624,.0000499
.0000624,.0000499
.0036835,.002946
.0000208,.0000166
.0001415,.0001132
.0000832,.0000666
.0105386,.0084286
4.16e-06,3.33e-06
.0002497,.0001997
.0000157,.0000126
.0001165,.0000932
.0000241,.0000193
.000179,.0001431
8.32e-06,6.66e-06
.0010072,.0008056
.0000375,.00003
.0002622,.0002097
.0000999,.0000799
.0008699,.0006957
.0000791,.0000632
.0004828,.0003861
.0000291,.0000233
.0001873,.0001498
8.32e-06,6.66e-06
.0002372,.0001897
.0021144,.001691
.0263922,.0211081
.0000957,.0000766
.0003455,.0002763
.0000166,.0000133
.0001831,.0001465
.0001082,.0000865
.0009823,.0007856
8.32e-06,6.66e-06
.0002164,.0001731
.0000126,.0000101
.0000583,.0000466
.000308,.0002463
.0018688,.0014946
.0038125,.0030492
.022176,.017736
.0000208,.0000166
.0002872,.0002297
.0000125,9.99e-06
.0005369,.0004294
8.32e-06,6.66e-06
.000179,.0001431
.0000624,.0000499
.0012778,.0010219
.0003413,.000273
.0012611,.0010086
.0000125,9.99e-06
.000333,.0002663
.0005952,.000476
.0207359,.0165842
.0591803,.0537394
1,.9080626
.0000376,.0000342
.0023514,.0021352
.0000879,.0000798
.0001538,.0001397
.0001136,.0001032
.0019339,.0017561
.0000198,.0000179
.0000659,.0000599
.0001029,.0000934
.008988,.0081617
.0000182,.0000165
.0001099,.0000998
.000022,.00002
.0001099,.0000998
.0000188,.0000171
.0004175,.0003791
.000022,.00002
.0003077,.0002794
.000022,.00002
.0001099,.0000998
.0000879,.0000798
.0003956,.0003592
.0002343,.0002128
.0004175,.0003791
.000044,.0000399
.0002637,.0002395
.0000575,.0000522
.0000659,.0000599
.0003736,.0003392
.0074278,.0067449
.0001238,.0001124
.0002417,.0002195
.0000215,.0000195
.0002857,.0002594
.0000647,.0000588
.0002637,.0002395
.0000179,.0000162
.0000879,.0000798
9.84e-06,8.94e-06
.0000879,.0000798
.0001758,.0001596
.0006593,.0005987
.0002198,.0001996
.0083068,.0075431
.0000286,.000026
.0004175,.0003791
.0000704,.0000639
.0001319,.0001197
.000022,.00002
.0003516,.0003193
.0000342,.0000311
.0001319,.0001197
.0000616,.0000559
.0005274,.0004789
.0000236,.0000214
.0003736,.0003392
.0000879,.0000798
.0048566,.0044101
.0000205,9.15e-06
.000061,.0000272
1,.4466149
1.228334,.5485921
5.47e-06,2.44e-06
.0001262,.0000563
8.36e-06,3.73e-06
.0000921,.0000411
.0000134,5.99e-06
.0001262,.0000563
.0000129,5.74e-06
.0003785,.000169
3.00e-06,1.34e-06
.0000214,9.57e-06
2.50e-06,1.12e-06
.0002523,.0001127
3.67e-06,1.64e-06
.0001262,.0000563
.00164,.0007324
.0005046,.0002254
.0000572,.0000256
.0001262,.0000563
.0003785,.000169
.0003785,.000169
.0001262,.0000563
.000077,.0000344
4.28e-06,1.91e-06
.0000262,.0000117
.0001262,.0000563
.0009707,.0004335
.0000898,.0000401
.0002523,.0001127
5.41e-06,2.42e-06
.0000193,8.62e-06
.0000477,.0000213
.0001883,.0000841
.0002385,.0001065
.0014057,.0006278
.000018,8.03e-06
.0000494,.0000221
7.14e-06,3.19e-06
.0000263,.0000118
.0005046,.0002254
.0001262,.0000563
.0000133,5.93e-06
.0001262,.0000563
.0001262,.0000563
.0001071,.0000478
.000119,.0000532
.0005906,.0002638
9.27e-06,4.14e-06
.0001262,.0000563
.0002523,.0001127
.0001262,.0000563
.0000491,.0000219
.0001639,.0000732
6.80e-06,3.03e-06
.0001262,.0000563
.000016,7.16e-06
.0001262,.0000563
.0000148,.0000145
.0000866,.0000846
.0100984,.0098681
1,.9771966
3.95e-06,3.86e-06
.0000866,.0000846
6.04e-06,5.90e-06
.0002308,.0002256
9.68e-06,9.46e-06
.0000866,.0000846
9.29e-06,9.08e-06
.0021639,.0021146
2.16e-06,2.11e-06
.0000155,.0000151
1.81e-06,1.76e-06
.0001154,.0001128
2.65e-06,2.59e-06
.0000164,.000016
.0002308,.0002256
.002943,.0028758
.0000577,.0000564
.0001443,.000141
.0000247,.0000241
.0002885,.0002819
8.90e-06,8.70e-06
.0001154,.0001128
3.09e-06,3.02e-06
.0001443,.000141
.0001928,.0001884
.0001731,.0001692
.0000289,.0000282
.0001443,.000141
3.91e-06,3.82e-06
.0000289,.0000282
.0000345,.0000337
.0000289,.0000282
.0001723,.0001683
.0001731,.0001692
.000013,.0000127
.0000357,.0000349
5.15e-06,5.04e-06
.0000577,.0000564
.0000866,.0000846
.0001443,.000141
9.59e-06,9.37e-06
.0010387,.001015
9.31e-06,9.10e-06
.0001443,.000141
.000086,.000084
.0003751,.0003665
6.69e-06,6.54e-06
.0001731,.0001692
.0020817,.0020343
.0006059,.0005921
.0000355,.0000347
.0001443,.000141
4.91e-06,4.80e-06
.0001731,.0001692
.0000116,.0000113
.000202,.0001974
.0000176,.0000143
.0001142,.0000932
.0000703,.0000574
.0013709,.0011186
1,.8159266
.14553,.1187418
.000167,.0001362
.0067756,.0055284
.0001529,.0001247
.0001845,.0001506
.0006591,.0005378
.0324015,.0264373
.0001332,.0001087
.0002021,.0001649
.000123,.0001004
.0021443,.0017496
.0000703,.0000574
.0003515,.0002868
.0000176,.0000143
.0003779,.0003083
.0000248,.0000202
.0000264,.0000215
.0000264,.0000215
.0002373,.0001936
.0005273,.0004302
.0026979,.0022013
.0000703,.0000574
.0005888,.0004804
.0000439,.0000359
.0000967,.0000789
.0001758,.0001434
.0023113,.0018858
.0000176,.0000143
.0000703,.0000574
8.79e-06,7.17e-06
.0000352,.0000287
.0000317,.0000259
.0003779,.0003083
.0000792,.0000646
.0000527,.000043
.0000718,.0000586
.0001142,.0000932
.0000264,.0000215
.0005712,.0004661
.0001318,.0001076
.0020652,.001685
.0001594,.0001301
.0001933,.0001577
.0000176,.0000143
.0002988,.0002438
.0005449,.0004446
.004104,.0033486
.0000176,.0000143
.0002636,.0002151
.0016258,.0013265
.001907,.001556
.000123,.0001004
.0056156,.0045819
.000123,.0001004
.0092626,.0075576
.0000405,.0000373
.0001214,.0001119
.0000145,.0000134
.0012141,.0011189
.0457728,.0421842
1,.9216004
.0000458,.0000422
.0014974,.00138
.0001074,.0000989
.0001214,.0001119
.0000809,.0000746
.0131531,.0121219
.0000936,.0000862
.0002024,.0001865
.000349,.0003217
.0013355,.0012308
.0000405,.0000373
.0004857,.0004476
.000039,.000036
.0004452,.0004103
.0000174,.000016
.0000555,.0000512
.0000595,.0000548
.0002428,.0002238
.0001589,.0001464
.0012141,.0011189
.0001389,.000128
.0003238,.0002984
.0000401,.0000369
.0000405,.0000373
.0000809,.0000746
.0011332,.0010443
.0000435,.0000401
.0001619,.0001492
9.95e-06,9.17e-06
.0000393,.0000362
.0000223,.0000205
.0000405,.0000373
.0000556,.0000512
.0001214,.0001119
.0000504,.0000465
.0000405,.0000373
.0000739,.0000681
.0003642,.0003357
.0000175,.0000162
.000769,.0007087
.000112,.0001032
.0003642,.0003357
.0000405,.0000373
.0001619,.0001492
.0004452,.0004103
.0078514,.0072358
.0000102,9.44e-06
.0003642,.0003357
.0000405,.0000373
.0010927,.0010071
.0002658,.000245
.0019426,.0017903
.0000405,.0000373
.0018617,.0017157
.0000257,.0000156
.0007199,.0004369
.0000201,.0000122
.0035353,.0021454
.0000771,.0000468
.0004114,.0002496
1,.606856
.591307,.3588382
.0000129,7.80e-06
.0003985,.0002418
.0004628,.0002809
.0212632,.0129037
.0000514,.0000312
.0009127,.0005539
.0000257,.0000156
.0005785,.0003511
.0001543,.0000936
.0003985,.0002418
.0000129,7.80e-06
.0008356,.0005071
.000039,.0000236
.0001671,.0001014
.0000129,7.80e-06
.0005399,.0003277
.0000129,7.80e-06
.0015041,.0009128
.0000643,.000039
.0009385,.0005695
.0000129,7.80e-06
.0003085,.0001872
.0001671,.0001014
.0032653,.0019816
.0001157,.0000702
.0010542,.0006397
.0000238,.0000144
.0001928,.000117
.0000525,.0000318
.0008356,.0005071
.0000167,.0000101
.0000771,.0000468
.0000134,8.14e-06
.0001028,.0000624
.0000129,7.80e-06
.0010927,.0006631
.0003085,.0001872
.0058622,.0035575
.000021,.0000127
.0005271,.0003199
.0000328,.0000199
.0005399,.0003277
.0001028,.0000624
.0008485,.0005149
.0000163,9.89e-06
.0006685,.0004057
.0000257,.0000156
.0005399,.0003277
.0000771,.0000468
.0017741,.0010766
.0004628,.0002809
.0042038,.0025511
.0001032,.0000958
.0002818,.0002615
.0000139,.0000129
.0018316,.0016999
.0000288,.0000267
.0002818,.0002615
.0500528,.0464532
1,.928084
.0000153,.0000142
.0001057,.0000981
.0001761,.0001635
.0085594,.0079438
.0000727,.0000674
.000317,.0002942
.0000352,.0000327
.0004931,.0004577
.0000704,.0000654
.0002466,.0002288
.0000362,.0000336
.0002113,.0001961
.000027,.000025
.0002113,.0001961
.0000398,.0000369
.000317,.0002942
.0000971,.0000901
.0006692,.0006211
.0000352,.0000327
.0005636,.000523
.0000347,.0000322
.0001409,.0001308
.000333,.000309
.0013737,.0012749
.0000704,.0000654
.0012328,.0011442
.0000165,.0000153
.0002818,.0002615
.0000363,.0000337
.0005636,.000523
.0000115,.0000107
.0000704,.0000654
9.28e-06,8.61e-06
.0000343,.0000318
.0001057,.0000981
.0007397,.0006865
.0001532,.0001422
.0027122,.0025172
.0000145,.0000135
.0001761,.0001635
.0000227,.0000211
.0003875,.0003596
.0000373,.0000346
.0006692,.0006211
.0000113,.0000105
.0001761,.0001635
.0000809,.000075
.0001057,.0000981
.0000352,.0000327
.0010215,.000948
.0000352,.0000327
.0019021,.0017653
.0000176,.0000162
9.09e-06,8.36e-06
.0000364,.0000334
.0013368,.0012283
.0000661,.0000607
9.09e-06,8.36e-06
.000015,.0000138
.0000273,.0000251
1,.9188161
.0616924,.0566839
.0000399,.0000367
.0025917,.0023813
.0000145,.0000134
.0001039,.0000955
.0000212,.0000195
.000202,.0001856
.0000147,.0000135
.0000364,.0000334
.0000728,.0000668
.0004365,.0004011
.0000222,.0000204
9.09e-06,8.36e-06
.0000546,.0000501
.0001091,.0001003
.0000338,.0000311
.0000637,.0000585
.0000164,.0000151
.0001002,.0000921
.0004001,.0003676
.0011004,.001011
.0001182,.0001086
.0003819,.0003509
.0000111,.0000102
.0000273,.0000251
.0000122,.0000112
.000048,.0000441
.0000265,.0000244
.0000273,.0000251
.0004729,.0004345
.0019279,.0017714
.0001637,.0001504
.0009185,.0008439
.0000273,.0000251
.0002546,.000234
9.41e-06,8.65e-06
.0003547,.0003259
.0001728,.0001588
.001164,.0010695
.0000546,.0000501
.0003274,.0003008
.0000909,.0000836
.0002637,.0002423
9.09e-06,8.36e-06
.0001546,.000142
.005329,.0048963
.0067658,.0062165
.0000635,.0000583
.0000546,.0000501
.0000182,.0000167
.0004547,.0004178
.000029,.0000269
.0000481,.0000447
.0000361,.0000335
.0018751,.0017427
.0001089,.0001012
.0003366,.0003128
.0000247,.0000229
.0003366,.0003128
.0502428,.0466956
1,.9293998
.0000481,.0000447
.0052887,.0049153
.0000239,.0000222
.0000481,.0000447
.0000349,.0000324
.0003326,.0003091
.0000242,.0000225
.0003366,.0003128
.0001442,.0001341
.0004327,.0004022
.0000366,.000034
.0000962,.0000894
.0000481,.0000447
.0004808,.0004468
.0000557,.0000518
.0002885,.0002681
.0000481,.0000447
.0001442,.0001341
.0001236,.0001148
.0002404,.0002234
.0001923,.0001787
.0011058,.0010278
.0000481,.0000447
.0001442,.0001341
.00002,.0000186
.0000481,.0000447
.0000481,.0000447
.0003366,.0003128
.0000481,.0000447
.0013462,.0012512
.0000962,.0000894
.001202,.0011171
.0000962,.0000894
.0007212,.0006703
.0000155,.0000144
.0013462,.0012512
.0000481,.0000447
.0022116,.0020555
.0001326,.0001233
.0002885,.0002681
.0001442,.0001341
.0010577,.0009831
.0000223,.0000207
.0003366,.0003128
.0000962,.0000894
.002452,.0022789
.0001046,.0000972
.0001442,.0001341
.0000268,.0000249
.0007693,.000715
.0000152,.00001
.0000508,.0000334
3.50e-06,2.30e-06
.0004062,.0002673
.0000254,.0000167
.0000952,.0000627
.0000698,.0000459
.0003935,.000259
6.65e-06,4.37e-06
.0000254,.0000167
1,.6580285
.5128028,.3374389
.0001904,.0001253
.0007807,.0005137
.0000127,8.35e-06
.0001206,.0000794
.0001777,.000117
.0011362,.0007476
8.90e-06,5.85e-06
.0001206,.0000794
6.95e-06,4.57e-06
6.35e-06,4.18e-06
.000019,.0000125
.0001206,.0000794
.0000317,.0000209
.0001841,.0001211
.0003237,.000213
.0002349,.0001545
9.84e-06,6.47e-06
6.35e-06,4.18e-06
.0000254,.0000167
.0001777,.000117
.0000889,.0000585
.000146,.0000961
3.96e-06,2.61e-06
6.35e-06,4.18e-06
6.35e-06,4.18e-06
.0000635,.0000418
4.48e-06,2.95e-06
.0000123,8.11e-06
4.30e-06,2.83e-06
.0000317,.0000209
.000019,.0000125
.0001587,.0001044
.000014,9.24e-06
.0003428,.0002255
6.35e-06,4.18e-06
.0000381,.0000251
6.61e-06,4.35e-06
.0000698,.0000459
.0000508,.0000334
.0001269,.0000835
2.67e-06,1.76e-06
.0000317,.0000209
6.35e-06,4.18e-06
.0000508,.0000334
.000019,.0000125
.0004888,.0003216
.0000413,.0000271
.0002602,.0001712
.0000214,.00002
.0001111,.0001041
4.91e-06,4.60e-06
.0006791,.000636
.0000247,.0000231
.0002963,.0002775
.0000247,.0000231
.0003087,.0002891
.0000123,.0000116
.000037,.0000347
.0580537,.0543745
1,.9366236
.0000247,.0000231
.0010495,.0009829
.0000324,.0000303
.0003087,.0002891
.0000617,.0000578
.0006544,.0006129
.0000123,.0000116
.0001111,.0001041
.0000123,.0000116
.000037,.0000347
.0000137,.0000129
.0001729,.0001619
.0000123,.0000116
.0004815,.000451
.0000617,.0000578
.0006173,.0005782
.0000138,.0000129
.0001111,.0001041
.0000247,.0000231
.0004568,.0004279
.0000926,.0000867
.0002099,.0001966
5.56e-06,5.21e-06
.0000617,.0000578
.0000115,.0000108
.0002469,.0002313
6.29e-06,5.89e-06
.0000247,.0000231
6.03e-06,5.65e-06
.000037,.0000347
.0000316,.0000296
.0001729,.0001619
.0000197,.0000185
.0007655,.000717
7.73e-06,7.24e-06
.0001852,.0001735
9.28e-06,8.69e-06
.0000988,.0000925
.0000123,.0000116
.0004568,.0004279
3.75e-06,3.51e-06
.0000494,.0000463
.0000247,.0000231
.0000617,.0000578
.0000623,.0000584
.0007408,.0006938
.0000579,.0000543
.0003581,.0003354
.0000329,.0000275
.0000219,.0000183
5.48e-06,4.59e-06
.0000767,.0000642
.0000548,.0000459
.0000493,.0000413
.0002795,.0002339
.0005536,.0004632
.000011,9.17e-06
.000054,.0000452
.0089669,.0075024
.0813597,.0680715
1,.8366737
.0985262,.0824343
.0000822,.0000688
.0002521,.0002109
.0007345,.0006145
.0006468,.0005411
.0001809,.0001513
.0000713,.0000596
7.66e-06,6.41e-06
.0000244,.0000205
.0000329,.0000275
.0000493,.0000413
5.48e-06,4.59e-06
.0000548,.0000459
.0000548,.0000459
.0001261,.0001055
.0000123,.0000103
.0000446,.0000373
.0001589,.000133
.0001754,.0001467
.0000274,.0000229
.0000658,.000055
5.48e-06,4.59e-06
.0000168,.0000141
.000011,9.17e-06
.0000515,.0000431
7.53e-06,6.30e-06
.0000207,.0000173
8.20e-06,6.86e-06
.0000303,.0000253
.0000658,.000055
.0000164,.0000138
.0000164,.0000138
.0001096,.0000917
.000011,9.17e-06
.0000384,.0000321
.0000274,.0000229
.000011,9.17e-06
.0000274,.0000229
.0000548,.0000459
5.48e-06,4.59e-06
.000011,9.17e-06
.0000164,.0000138
.0000329,.0000275
.0000822,.0000688
.0005043,.0004219
.0001535,.0001284
.0010743,.0008988
.0000135,.0000121
.0000401,.0000359
4.08e-06,3.65e-06
.000483,.0004324
.000048,.000043
.0001208,.0001081
.0000302,.000027
.0000906,.0000811
.0000121,.0000108
.0000531,.0000476
.000483,.0004324
.0273208,.0244585
.0822943,.0736728
1,.8952355
.0000604,.0000541
.0014189,.0012702
.0000302,.000027
.0006038,.0005405
.0000604,.0000541
.0000604,.0000541
7.53e-06,6.74e-06
.000024,.0000215
.0000116,.0000104
.0002113,.0001892
.0000302,.000027
.0002717,.0002432
.0000302,.000027
.0002415,.0002162
.0000121,.0000108
.0000438,.0000392
.0000302,.000027
.0004528,.0004054
.0000366,.0000328
.0000906,.0000811
4.19e-06,3.75e-06
.0000302,.000027
8.59e-06,7.69e-06
.0000506,.0000453
7.40e-06,6.63e-06
.0000204,.0000182
8.06e-06,7.21e-06
.0000297,.0000266
.0000302,.000027
.0000906,.0000811
9.94e-06,8.90e-06
.0003019,.0002703
9.13e-06,8.17e-06
.0000604,.0000541
.0000302,.000027
.0000435,.0000389
.0000302,.000027
.0002717,.0002432
3.01e-06,2.69e-06
.0000276,.0000247
.000058,.0000519
.0000302,.000027
.0001208,.0001081
.0007547,.0006756
.0000604,.0000541
.0002113,.0001892
.0003403,.0002978
.0000785,.0000687
.0000131,.0000115
.0002487,.0002176
.0008506,.0007444
.0004384,.0003837
.0006871,.0006013
.0048225,.0042205
.0000621,.0000544
.0000196,.0000172
.0017013,.0014889
.0270113,.0236391
.0005758,.0005039
.0006805,.0005956
1,.8751566
.0762244,.0667083
.0000523,.0000458
.0000982,.0000859
.000301,.0002634
.000144,.000126
.0000185,.0000162
.0000131,.0000115
.0002356,.0002062
.0000523,.0000458
.0000523,.0000458
.0001767,.0001546
.0002617,.0002291
.0001701,.0001489
.0000327,.0000286
.0000131,.0000115
.0024472,.0021417
.0026108,.0022849
.0002552,.0002233
.0002487,.0002176
.0000103,9.00e-06
6.54e-06,5.73e-06
.0000262,.0000229
.0000393,.0000344
.0000335,.0000293
6.54e-06,5.73e-06
.000039,.0000342
.0000327,.0000286
.0003337,.0002921
.0001112,.0000974
.0000982,.0000859
.0009619,.0008418
.0000452,.0000396
6.54e-06,5.73e-06
.0001832,.0001603
.0001767,.0001546
.0004188,.0003665
.0001112,.0000974
.0000327,.0000286
.0000523,.0000458
.0000393,.0000344
.0000916,.0000802
.0007263,.0006356
.0050254,.004398
.0012236,.0010709
.0118829,.0103994
.0000479,.0000434
.0000958,.0000868
.000012,.0000108
.0009584,.0008681
.0001917,.0001736
.000575,.0005209
.0000958,.0000868
.0015334,.001389
.0000621,.0000562
.0000958,.0000868
.0001438,.0001302
.0153824,.0139332
.0004205,.0003809
.0013418,.0012154
.0652195,.0590749
1,.9057865
.0000958,.0000868
.000575,.0005209
.0000308,.0000279
.0003354,.0003038
.0000185,.0000167
.000059,.0000535
.0000376,.000034
.0002396,.000217
.000102,.0000923
.0003834,.0003472
.0000958,.0000868
.0007188,.0006511
.0000356,.0000322
.0000479,.0000434
.0002875,.0002604
.0020606,.0018664
.0000546,.0000495
.0001917,.0001736
.0000103,9.31e-06
.0000479,.0000434
.0000217,.0000196
.0003354,.0003038
.0000334,.0000303
.0000958,.0000868
.000039,.0000353
.000144,.0001305
.0001438,.0001302
.0004313,.0003906
.0000479,.0000434
.0014855,.0013456
.0000452,.0000409
.0000958,.0000868
.0000958,.0000868
.0001545,.0001399
.0001438,.0001302
.001821,.0016494
8.55e-06,7.74e-06
.0000785,.0000711
.0000958,.0000868
.0000958,.0000868
.0000479,.0000434
.0050316,.0045576
.0000958,.0000868
.001821,.0016494
7.29e-06,6.28e-06
.0000217,.0000187
2.60e-06,2.24e-06
.0000444,.0000383
.0000146,.0000126
.0000601,.0000518
.0000444,.0000383
.0001777,.0001531
6.38e-06,5.49e-06
.000028,.0000241
.0021326,.0018371
.0143949,.0124002
.0001333,.0001148
.0002221,.0001914
.0000252,.0000217
.0000444,.0000383
1,.8614343
.1408388,.1213234
6.34e-06,5.46e-06
.0000418,.000036
5.96e-06,5.14e-06
.0000444,.0000383
5.78e-06,4.98e-06
.0000335,.0000288
.0000128,.0000111
.0000444,.0000383
.0000228,.0000197
.0001396,.0001203
8.21e-06,7.07e-06
.0000299,.0000257
.0000222,.0000192
.0002221,.0001914
.0000889,.0000765
.0000444,.0000383
3.21e-06,2.77e-06
.0000127,.0000109
6.18e-06,5.33e-06
.0000889,.0000765
4.04e-06,3.48e-06
.0000111,9.58e-06
4.67e-06,4.03e-06
.0000173,.0000149
.0000141,.0000122
.0000553,.0000476
6.73e-06,5.80e-06
.0000444,.0000383
4.23e-06,3.65e-06
.0000352,.0000303
4.82e-06,4.15e-06
.0000239,.0000206
.000024,.0000207
.000138,.0001189
1.92e-06,1.65e-06
.0000889,.0000765
.0000472,.0000407
.0001575,.0001357
.0000884,.0000761
.0009115,.0007852
.0000444,.0000383
.0000444,.0000383
.0000278,.0000199
.0001428,.0001025
9.93e-06,7.13e-06
.0009994,.0007176
.0000558,.0000401
.0002856,.000205
.0001428,.0001025
.0005711,.00041
.0000243,.0000175
.0001066,.0000765
.0041405,.0029728
.0368361,.026448
.0004283,.0003075
.0019989,.0014352
.000096,.000069
.0009154,.0006572
.337807,.2425425
1,.7179915
.0000242,.0000173
.0001428,.0001025
.0000227,.0000163
.0000726,.0000521
.000022,.0000158
.0001428,.0001025
.0000489,.0000351
.0001428,.0001025
.0001428,.0001025
.0009994,.0007176
.0000313,.0000225
.0001139,.0000817
.0000847,.0000608
.0005711,.00041
.0000641,.000046
.0005711,.00041
.0000123,8.80e-06
.0002856,.000205
.0000236,.0000169
.0001428,.0001025
.0000154,.0000111
.0000424,.0000304
.0000178,.0000128
.0000658,.0000472
.0000538,.0000386
.0002107,.0001513
.0000257,.0000184
.0004283,.0003075
.0000161,.0000116
.0004283,.0003075
.0000184,.0000132
.0000911,.0000654
.0000915,.0000657
.0004283,.0003075
7.31e-06,5.25e-06
.0000672,.0000483
.00018,.0001292
.0001428,.0001025
.000337,.0002419
.0007139,.0005126
.0000636,.0000457
.0010794,.000775
.0000265,.0000218
.000034,.000028
.0008014,.0006592
.0110344,.0090764
3.78e-06,3.11e-06
.000034,.000028
7.56e-06,6.22e-06
.0000567,.0000466
.0000113,9.33e-06
.0000794,.0000653
3.78e-06,3.11e-06
.0005103,.0004198
3.78e-06,3.11e-06
.0000227,.0000187
2.58e-06,2.12e-06
.0000227,.0000187
3.78e-06,3.11e-06
.0000151,.0000124
1,.8225578
.1953836,.1607143
.0000718,.0000591
.0002041,.0001679
.0000378,.0000311
.0002268,.0001866
.0000151,.0000124
.0000832,.0000684
.0000113,9.33e-06
.000034,.000028
.0002079,.000171
.0011,.0009048
.0000151,.0000124
.0001021,.000084
6.02e-06,4.96e-06
.0000151,.0000124
.000034,.000028
.0001399,.000115
.0000945,.0000777
.0003705,.0003047
.0000113,9.33e-06
.0000794,.0000653
6.42e-06,5.28e-06
.0000454,.0000373
.0001285,.0001057
.0005179,.000426
.0000142,.0000116
.0001323,.0001088
.0000113,9.33e-06
.0000491,.0000404
.0001285,.0001057
.0008241,.0006779
.0000151,.0000124
.0000794,.0000653
.000189,.0001555
.0021434,.0017631
.0000378,.0000311
.0002041,.0001679
.0000113,9.33e-06
.0001172,.0000964
.0000113,9.33e-06
.0001361,.0001119
.0000526,.0000486
.0001476,.0001366
.0001291,.0001195
.0089472,.0082797
.0000184,.0000171
.0001291,.0001195
.0000173,.000016
.0002029,.0001878
.0000256,.0000237
.0002583,.000239
.0000261,.0000241
.0016419,.0015194
.0000184,.0000171
.0000553,.0000512
5.12e-06,4.74e-06
.0001291,.0001195
7.12e-06,6.59e-06
.0001845,.0001707
.0541258,.0500879
1,.9253978
.0000184,.0000171
.0003136,.0002902
.0001476,.0001366
.0006641,.0006146
.0000184,.0000171
.0002583,.000239
9.42e-06,8.71e-06
.0000922,.0000854
.0002398,.0002219
.0012913,.001195
.0000553,.0000512
.0003874,.0003585
.000012,.0000111
.0000553,.0000512
.0000548,.0000507
.0002952,.0002731
.0000553,.0000512
.0004427,.0004097
.0000335,.000031
.0000738,.0000683
.0000127,.0000118
.0001291,.0001195
.0000922,.0000854
.0010331,.000956
.0000281,.000026
.0013651,.0012633
.0000184,.0000171
.0004796,.0004439
.0000369,.0000341
.0008302,.0007682
.0000369,.0000341
.0003874,.0003585
.0002583,.000239
.0042245,.0039094
.0000553,.0000512
.0002029,.0001878
.0000131,.0000121
.0002398,.0002219
.0000341,.0000316
.0004981,.0004609
.0000441,.0000377
.0000441,.0000377
.0000993,.0000848
.0021174,.0018083
.000011,9.42e-06
.0000402,.0000344
.0000242,.0000206
.0001323,.000113
.0000203,.0000173
.000011,9.42e-06
.000011,9.42e-06
.0013124,.0011208
8.26e-06,7.05e-06
.0000441,.0000377
5.77e-06,4.93e-06
.000011,9.42e-06
.0000551,.0000471
.0000331,.0000283
.0008712,.000744
.0025696,.0021944
1,.8540072
.1289426,.1101179
.0000772,.0000659
.0001544,.0001319
.0000172,.0000147
.0000551,.0000471
8.61e-06,7.35e-06
.0001434,.0001224
.002713,.0023169
.002735,.0023357
.0000993,.0000848
.0003419,.000292
.0000115,9.86e-06
.000011,9.42e-06
.0013344,.0011396
.0022608,.0019307
.0038489,.003287
.0094181,.0080432
.0000204,.0000174
.0000562,.000048
.0000145,.0000123
.0000533,.0000456
.0029445,.0025147
.0045547,.0038897
.0000308,.0000263
.0003198,.0002731
.0000126,.0000108
.0000551,.0000471
.000011,9.42e-06
.0000441,.0000377
.0000331,.0000283
.0000331,.0000283
.0002867,.0002449
.0019189,.0016388
.0002422,.0002069
.0000882,.0000753
.0000193,.0000165
.0001765,.0001507
.000011,9.42e-06
.000386,.0003296
.0000344,.0000299
.0003445,.0002988
.0002067,.0001793
.0045988,.0039891
.0000172,.0000149
.0001722,.0001494
.0000351,.0000304
.0004306,.0003735
.0000295,.0000256
.0001206,.0001046
.0000344,.0000299
.0037204,.0032271
.000012,.0000104
.0001033,.0000896
8.38e-06,7.27e-06
.0000344,.0000299
.0000172,.0000149
.0001895,.0001643
.000689,.0005976
.0049261,.0042729
.1098212,.0952593
1,.8674035
.0000347,.0000301
.0006028,.0005229
.000025,.0000217
.0002411,.0002092
.0000125,.0000108
.0002067,.0001793
.0001895,.0001643
.0014985,.0012998
.0001033,.0000896
.0013435,.0011653
.0000168,.0000145
.0000689,.0000598
.0003445,.0002988
.0018774,.0016285
.0005167,.0004482
.0056323,.0048855
.0000296,.0000257
.0001033,.0000896
.000021,.0000182
.0000344,.0000299
.0011196,.0009711
.0078714,.0068277
.0000172,.0000149
.0014296,.00124
.0000183,.0000159
.0003789,.0003287
.0000172,.0000149
.0003273,.0002839
.0000344,.0000299
.00031,.0002689
.0000517,.0000448
.0009818,.0008516
.0000172,.0000149
.0003445,.0002988
.0000172,.0000149
.0003962,.0003436
.0000344,.0000299
.0010507,.0009114
.0000451,.0000399
.000202,.0001784
.0003635,.0003211
.0043171,.0038138
7.13e-06,6.30e-06
.0000475,.000042
.0000214,.0000189
.000708,.0006255
.0000309,.0000273
.0002851,.0002519
.0001093,.0000966
.0178315,.0157526
.0000143,.0000126
.0000689,.0000609
4.75e-06,4.20e-06
.0000546,.0000483
.0000119,.0000105
.0001378,.0001217
.0000309,.0000273
.0013234,.0011691
.000038,.0000336
.0001307,.0001154
1,.8834158
.0885422,.0782196
.0001972,.0001742
.0010359,.0009151
2.38e-06,2.10e-06
.0000523,.0000462
.0000238,.000021
.0001758,.0001553
.0001307,.0001154
.0021954,.0019394
.0000119,.0000105
.0000642,.0000567
4.75e-06,4.20e-06
.0001022,.0000903
.0000737,.0000651
.0005061,.0004471
.0000309,.0000273
.0002305,.0002036
9.50e-06,8.40e-06
.0001877,.0001658
.0002804,.0002477
.0009789,.0008648
.0001283,.0001133
.0015064,.0013307
.0000737,.0000651
.0007175,.0006339
.0000665,.0000588
.0009575,.0008459
.0000238,.000021
.0001022,.0000903
.0000238,.000021
.0007033,.0006213
.0016822,.0014861
.0022809,.002015
.0000499,.0000441
.0002162,.000191
.0000285,.0000252
.0027894,.0024642
.0000301,.0000275
.0004068,.0003708
.0000753,.0000687
.002486,.0022661
.0000151,.0000137
.0001657,.0001511
.0000342,.0000312
.0005424,.0004944
.0000328,.0000299
.0003315,.0003021
.0000151,.0000137
.0098534,.0089819
.0000151,.0000137
.0000904,.0000824
.0000113,.0000103
.0001055,.0000961
.0000151,.0000137
.0001959,.0001785
.0000151,.0000137
.0005725,.0005219
.0000603,.0000549
.0001808,.0001648
.0711283,.064837
1,.9115496
.0000151,.0000137
.0008287,.0007554
.0000307,.000028
.0001959,.0001785
.0000649,.0000592
.0002109,.0001923
.0001055,.0000961
.00113,.00103
.0000151,.0000137
.0001055,.0000961
.0000157,.0000143
.0000753,.0000687
.0000301,.0000275
.0003164,.0002884
.0000334,.0000304
.0001055,.0000961
.0000136,.0000124
.0001055,.0000961
.0001657,.0001511
.0011902,.001085
.0000151,.0000137
.0009341,.0008515
.0000151,.0000137
.0010245,.0009339
.0000452,.0000412
.0006629,.0006043
.0000301,.0000275
.0005575,.0005081
.0000403,.0000368
.0003616,.0003296
.0001959,.0001785
.0006479,.0005906
.0000301,.0000275
.0005123,.0004669
.0000301,.0000275
.0007985,.0007279
.0000869,.0000686
.000201,.0001586
.0000924,.0000729
.0029503,.0023273
.0002771,.0002186
.0002662,.00021
.0000978,.0000771
.0040262,.0031759
.0000217,.0000171
.000326,.0002572
.0004129,.0003257
.0545842,.0430568
.0000272,.0000214
.0003097,.0002443
5.43e-06,4.29e-06
.0001521,.00012
.0000706,.0000557
.000777,.0006129
.0001032,.0000814
.0014888,.0011744
.0000109,8.57e-06
.0002554,.0002014
.0001195,.0000943
.0010378,.0008186
1,.7888139
.1755702,.1384922
.0003043,.00024
.0017224,.0013586
5.43e-06,4.29e-06
.0002173,.0001714
.0006955,.0005486
.0025754,.0020315
.0001684,.0001329
.000451,.0003557
5.43e-06,4.29e-06
.0002662,.00021
.0000163,.0000129
.0004618,.0003643
.0000377,.0000297
.0000435,.0000343
.0000109,8.57e-06
.0000543,.0000429
.0000978,.0000771
.0011573,.0009129
.0000272,.0000214
.0020267,.0015987
.0000272,.0000214
.0007389,.0005829
5.43e-06,4.29e-06
.0008204,.0006472
.0000652,.0000514
.0002771,.0002186
.0000109,8.57e-06
.0006466,.00051
.0005107,.0004029
.0010541,.0008315
.0000272,.0000214
.0009998,.0007886
.0002825,.0002229
.0086446,.006819
.000033,.0000295
.0001815,.0001623
.0000495,.0000443
.0020296,.0018148
.000033,.0000295
.0007425,.000664
.0000495,.0000443
.0017986,.0016083
.0000325,.0000291
.0001155,.0001033
.000132,.000118
.0330677,.0295688
.0000165,.0000148
.00033,.0002951
.0000335,.0000299
.0001485,.0001328
.0000495,.0000443
.000858,.0007673
.0000165,.0000148
.0002805,.0002508
.0000181,.0000162
.0000495,.0000443
.0000495,.0000443
.0010231,.0009148
.0638747,.0571161
1,.8941892
.000033,.0000295
.0009075,.0008115
.0000391,.000035
.000099,.0000885
.0001485,.0001328
.0019966,.0017853
.0000165,.0000148
.0004125,.0003689
.0000114,.0000102
.000132,.000118
.0000296,.0000264
.0001155,.0001033
.0000251,.0000224
.000099,.0000885
.000066,.000059
.0000495,.0000443
.0000495,.0000443
.0009735,.0008705
.0000165,.0000148
.0020461,.0018296
.000033,.0000295
.0006435,.0005754
.0000612,.0000548
.0001155,.0001033
.0000822,.0000735
.0006435,.0005754
.0000153,.0000136
.000231,.0002066
.0000685,.0000613
.0006435,.0005754
.0000165,.0000148
.0009405,.000841
.0000165,.0000148
.0025411,.0022722
.0000332,.0000265
.0001038,.0000828
4.15e-06,3.31e-06
.0006519,.00052
.0000415,.0000331
.0001869,.000149
.0000955,.0000762
.0019683,.0015699
.0000222,.0000177
.0000581,.0000464
.0020181,.0016097
.0971152,.0774596
.0001204,.0000961
.0022133,.0017653
.0000581,.0000464
.0008513,.000679
.0001703,.0001358
.0006727,.0005366
.0000581,.0000464
.0001786,.0001424
8.31e-06,6.62e-06
.0000332,.0000265
4.15e-06,3.31e-06
.0001329,.000106
.0001536,.0001225
.0008388,.000669
1,.7976046
.134297,.1071159
4.15e-06,3.31e-06
.0000457,.0000364
.000382,.0003047
.0010049,.0008015
.0001869,.000149
.0005523,.0004405
7.61e-06,6.07e-06
.0000125,9.94e-06
.0000175,.000014
.0000664,.000053
.0000149,.0000119
4.15e-06,3.31e-06
4.15e-06,3.31e-06
.0000498,.0000397
8.31e-06,6.62e-06
.0001661,.0001325
.0000249,.0000199
.0008097,.0006459
.0000261,.0000208
.0001536,.0001225
.0000208,.0000166
.0000747,.0000596
.0000664,.000053
.0002533,.000202
4.15e-06,3.31e-06
.0000955,.0000762
.0001038,.0000828
.0003654,.0002915
.0002035,.0001623
.0019475,.0015534
.0002118,.0001689
.0047754,.0038089
.0000701,.0000617
.0001869,.0001645
.0000208,.0000183
.0016197,.0014254
.0000208,.0000183
.0002076,.0001827
.0001685,.0001483
.0011628,.0010233
.0000268,.0000236
.0001869,.0001645
.0003115,.0002741
.0495452,.0436013
.0000208,.0000183
.0015781,.0013888
.0000208,.0000183
.0009967,.0008771
.0000831,.0000731
.0009967,.0008771
.0000623,.0000548
.0002907,.0002558
.0000208,.0000183
.0000415,.0000365
.0000415,.0000365
.0002492,.0002193
.0000831,.0000731
.0015781,.0013888
.0676108,.0594995
1,.8800296
.0000208,.0000183
.0000623,.0000548
.0001246,.0001096
.0008929,.0007858
.0002687,.0002365
.0004361,.0003837
9.18e-06,8.08e-06
.0000208,.0000183
.0000211,.0000186
.0001454,.0001279
.000018,.0000158
.0000208,.0000183
.0000143,.0000126
.0000208,.0000183
.0000802,.0000706
.0005399,.0004751
.0000341,.00003
.0012044,.0010599
.0000315,.0000277
.0002699,.0002376
.0000291,.0000256
.0003115,.0002741
.0001038,.0000914
.0005399,.0004751
.0000208,.0000183
.0000831,.0000731
.0000208,.0000183
.0003115,.0002741
.0000415,.0000365
.0014328,.0012609
.0000831,.0000731
.0019104,.0016812
.0000269,.0000224
.0000643,.0000536
.0002289,.0001908
.0031637,.0026379
.0000104,8.67e-06
.0000269,.0000224
.0000144,.000012
.0000135,.0000112
.0000269,.0000224
.0000135,.0000112
.0000249,.0000208
.0004443,.0003704
6.10e-06,5.09e-06
.0000436,.0000364
5.12e-06,4.27e-06
.0000488,.0000407
7.97e-06,6.65e-06
.0000135,.0000112
.001077,.000898
.0022886,.0019082
.0006866,.0005725
.0008885,.0007408
.0000135,.0000112
.0000673,.0000561
.0000135,.0000112
.0000673,.0000561
7.28e-06,6.07e-06
.0000445,.0000371
1,.8338016
.1745938,.1455766
.0000942,.0000786
.0001615,.0001347
8.44e-06,7.04e-06
.0000135,.0000112
.0006327,.0005276
.0004712,.0003929
.001979,.0016501
.0037964,.0031654
.0000404,.0000337
.0002558,.0002133
.0000196,.0000164
.0000135,.0000112
.0005923,.0004939
.0007,.0005837
.0000172,.0000143
.0000942,.0000786
.0000269,.0000224
.000175,.0001459
.0014674,.0012235
.0038906,.003244
.0000538,.0000449
.0000404,.0000337
.0001346,.0001122
.000552,.0004602
.0000404,.0000337
.0000269,.0000224
.0000158,.0000132
.0000135,.0000112
.0000135,.0000112
.0000538,.0000449
.0000366,.0000333
.0001562,.000142
.0000937,.0000852
.0049036,.0044574
.0000176,.000016
.0000312,.0000284
.0000243,.0000221
.0002186,.0001987
.0000536,.0000488
.0000937,.0000852
.0000422,.0000384
.0019989,.001817
.0000103,9.40e-06
.0000625,.0000568
8.68e-06,7.89e-06
.0000625,.0000568
.0000135,.0000123
.0000625,.0000568
.0004685,.0004259
.0021551,.001959
.0002811,.0002555
.001468,.0013344
.0000312,.0000284
.000531,.0004827
.0000291,.0000264
.0002186,.0001987
.0000123,.0000112
.0000312,.0000284
.073867,.0671455
1,.9090047
.0000312,.0000284
.0007496,.0006814
.0000143,.000013
.0002499,.0002271
.0000937,.0000852
.0006871,.0006246
.0006871,.0006246
.0022488,.0020442
.0000625,.0000568
.0005622,.000511
.0000333,.0000303
.0000312,.0000284
.0003123,.0002839
.0020614,.0018738
.0000291,.0000265
.0005622,.000511
.0000312,.0000284
.0005934,.0005394
.0001562,.000142
.0010932,.0009937
.0000331,.0000301
.0002811,.0002555
.0001634,.0001485
.0011556,.0010505
.0002883,.0002621
.0001562,.000142
.0000268,.0000244
.0000625,.0000568
.0000391,.0000355
.0006247,.0005678
.0003389,.0002252
.0007588,.0005044
.0000286,.000019
.0039803,.0026456
.0000143,9.52e-06
.0000382,.0000254
.0000239,.0000159
.0005775,.0003838
4.77e-06,3.17e-06
.0003484,.0002316
.0000286,.000019
.0041903,.0027851
9.55e-06,6.34e-06
.0000573,.0000381
.0000143,9.52e-06
.0000525,.0000349
.0000135,8.95e-06
.0000573,.0000381
.0000143,9.52e-06
.0006109,.000406
.0000525,.0000349
.00042,.0002791
.0000143,9.52e-06
.0005059,.0003362
.0000382,.0000254
.0003436,.0002284
.0000143,9.52e-06
.0000955,.0000634
.0000143,9.52e-06
.0002529,.0001681
1,.6646596
.4619004,.3070066
.0000286,.000019
.0000764,.0000508
.0000239,.0000159
.0001957,.0001301
.0000477,.0000317
.0008447,.0005615
.0000143,9.52e-06
.0001336,.0000888
9.55e-06,6.34e-06
.0001336,.0000888
.0001814,.0001205
.0016131,.0010722
.0008638,.0005742
.0183888,.0122223
.0000155,.0000103
.0002768,.000184
.0000191,.0000127
.0003484,.0002316
.0000239,.0000159
.0001861,.0001237
9.55e-06,6.34e-06
.0004104,.0002728
.0002195,.0001459
.00168,.0011166
.0000191,.0000127
.0003484,.0002316
.0001002,.0000666
.0035031,.0023284
.0000673,.0000598
.0007741,.0006876
.0000251,.0000223
.0014135,.0012557
.0000337,.0000299
.0001795,.0001595
.0000557,.0000495
.0003702,.0003289
.0000224,.0000199
.0002244,.0001993
.0000224,.0000199
.0035338,.0031392
7.38e-06,6.56e-06
.0001795,.0001595
4.64e-06,4.12e-06
.0001795,.0001595
.0000112,9.97e-06
.000101,.0000897
.0000112,9.97e-06
.0002132,.0001894
.0000239,.0000212
.0001907,.0001694
.0000112,9.97e-06
.0004151,.0003687
.000048,.0000427
.0003253,.000289
.0000146,.000013
.0001458,.0001296
.0000369,.0000328
.0000785,.0000698
.1062498,.0943863
1,.8883433
.0000112,9.97e-06
.0001458,.0001296
.000018,.000016
.0000449,.0000399
.0000112,9.97e-06
.0003253,.000289
7.77e-06,6.90e-06
.0000673,.0000598
4.46e-06,3.96e-06
.0000673,.0000598
.0000449,.0000399
.0009199,.0008172
.0000785,.0000698
.006215,.0055211
.0000101,8.95e-06
.0001234,.0001096
.0000112,9.97e-06
.0001907,.0001694
.0000112,9.97e-06
.0001683,.0001495
.0000246,.0000218
.0001346,.0001196
.0000112,9.97e-06
.0005048,.0004485
.0000102,9.03e-06
.0002692,.0002392
.0000224,.0000199
.0012677,.0011261
.0000814,.000059
.0002359,.0001712
8.14e-06,5.90e-06
.0018792,.0013639
.0000488,.0000354
.0000976,.0000708
.0008298,.0006022
.0300264,.0217921
.0000163,.0000118
.0000895,.0000649
.0016921,.0012281
.0923165,.0669999
.0000244,.0000177
.0004312,.0003129
.0000163,.0000118
.0002196,.0001594
.0000325,.0000236
.0007159,.0005196
8.14e-06,5.90e-06
.0002603,.0001889
.0000205,.0000148
.0000651,.0000472
.0000244,.0000177
.0002766,.0002007
.0000732,.0000531
.001082,.0007852
.000122,.0000886
.0007891,.0005727
.0000324,.0000235
.0001952,.0001417
.0002441,.0001771
.0034086,.0024738
1,.7257631
.1883913,.1367275
.0000128,9.26e-06
8.14e-06,5.90e-06
.0000163,.0000118
.0002115,.0001535
.0000135,9.78e-06
.0000244,.0000177
9.90e-06,7.19e-06
8.14e-06,5.90e-06
8.14e-06,5.90e-06
.0003823,.0002775
.0002359,.0001712
.0075575,.0054849
.0000206,.0000149
.0001708,.000124
.0000288,.0000209
.0001302,.0000945
.0000569,.0000413
.0001952,.0001417
.0000116,8.41e-06
.0001546,.0001122
.0000163,.0000118
.0001302,.0000945
.0000407,.0000295
.0011145,.0008089
.0009111,.0006613
.0426358,.0309435
.0000581,.0000502
.000465,.0004013
.0000162,.000014
.0021799,.0018811
.0000491,.0000424
.0003197,.0002759
.0003779,.0003261
.0082255,.0070979
.0000203,.0000175
.0000872,.0000752
.0002035,.0001756
.0458654,.0395779
.0000291,.0000251
.0003488,.000301
.0000342,.0000295
.0003488,.000301
.0000872,.0000752
.000901,.0007775
.000045,.0000388
.000465,.0004013
.0000232,.00002
.0000291,.0000251
.0000746,.0000643
.0003779,.0003261
.0000872,.0000752
.0015405,.0013293
.0001163,.0001003
.0007848,.0006772
.0000367,.0000317
.0001453,.0001254
.0001744,.0001505
.0027903,.0024078
.0756867,.0653111
1,.8629141
.0000145,.0000125
.0000291,.0000251
.0000345,.0000298
.0003488,.000301
.0000153,.0000132
.0000291,.0000251
.0000112,9.67e-06
.0000581,.0000502
.0001437,.000124
.000465,.0004013
.0000872,.0000752
.0049411,.0042638
.0000233,.0000201
.0000581,.0000502
.0000325,.0000281
.0000872,.0000752
.0000291,.0000251
.0002907,.0002508
.0000131,.0000113
.0001744,.0001505
.000077,.0000664
.0002616,.0002257
.000054,.0000466
.001337,.0011537
.0003488,.000301
.0079058,.0068221
.0000143,.0000127
.0000388,.0000344
.0001033,.0000918
.0018602,.0016531
4.59e-06,4.08e-06
.0000129,.0000115
.0000129,.0000115
.0000904,.0000804
9.11e-06,8.10e-06
.0000258,.000023
.0000178,.0000158
.0008526,.0007577
3.76e-06,3.34e-06
.0000388,.0000344
2.63e-06,2.33e-06
.000025,.0000223
5.54e-06,4.92e-06
.0000258,.000023
.0002196,.0001952
.000633,.0005625
.0024803,.0022042
.0032166,.0028586
.0000388,.0000344
.0000388,.0000344
8.91e-06,7.92e-06
.0000258,.000023
4.20e-06,3.74e-06
.0000257,.0000228
.0005942,.0005281
.0007493,.0006658
.0000517,.0000459
.0001292,.0001148
5.90e-06,5.24e-06
.0000129,.0000115
1,.8886799
.0990182,.0879955
.0027903,.0024797
.0058132,.0051661
9.41e-06,8.36e-06
.0000129,.0000115
6.13e-06,5.45e-06
.0000226,.0000201
.002364,.0021009
.0025707,.0022846
.0000182,.0000162
.0001421,.0001263
6.22e-06,5.53e-06
.0000258,.000023
.0000223,.0000198
.0000646,.0000574
8.20e-06,7.29e-06
.0000258,.000023
.0000904,.0000804
.0005555,.0004936
.0000258,.000023
.0000388,.0000344
8.32e-06,7.40e-06
.0000388,.0000344
.0000129,.0000115
.0001938,.0001722
.00003,.0000271
.0003163,.0002857
.0000487,.000044
.0035276,.0031869
9.60e-06,8.67e-06
.0000487,.000044
.0000253,.0000228
.0004866,.0004396
.0000191,.0000172
.000073,.0000659
.0000373,.0000337
.0036006,.0032528
7.87e-06,7.11e-06
.000146,.0001319
5.50e-06,4.97e-06
.0000524,.0000473
.000073,.0000659
.000146,.0001319
.000219,.0001978
.001849,.0016704
.0001216,.0001099
.0015327,.0013847
.000028,.0000253
.0004379,.0003956
.0000187,.0000169
.0002433,.0002198
8.80e-06,7.95e-06
.0001703,.0001539
.0002433,.0002198
.0010218,.0009231
.0000243,.000022
.0009002,.0008132
.0000123,.0000112
.0000487,.000044
.0765619,.0691669
1,.903411
.0005109,.0004616
.0053766,.0048573
.0000243,.000022
.0000487,.000044
.0000128,.0000116
.0000243,.000022
.0010218,.0009231
.0041602,.0037584
.0000381,.0000344
.0008515,.0007693
.000013,.0000118
.0000487,.000044
.0000467,.0000422
.000146,.0001319
.0000243,.000022
.0001216,.0001099
.0000893,.0000807
.0008272,.0007473
.0001794,.000162
.0000973,.0000879
.0000174,.0000157
.0004136,.0003736
.0000461,.0000416
.0006812,.0006154
9.22e-06,7.42e-06
.0000369,.0000297
.0000461,.0000371
.0015119,.0012168
3.13e-06,2.52e-06
9.22e-06,7.42e-06
8.11e-06,6.53e-06
.0000461,.0000371
9.22e-06,7.42e-06
.0000461,.0000371
.0000112,9.03e-06
.0004794,.0003858
2.35e-06,1.89e-06
.0000277,.0000223
1.68e-06,1.36e-06
.0000161,.0000129
3.24e-06,2.61e-06
.0000184,.0000148
.0001659,.0001336
.0008389,.0006752
.0005347,.0004303
.001051,.0008458
.0000125,.0000101
.0000277,.0000223
7.01e-06,5.64e-06
.0000184,.0000148
2.94e-06,2.37e-06
.0000184,.0000148
.0004333,.0003487
.0008297,.0006678
.0000277,.0000223
.0001106,.000089
4.28e-06,3.45e-06
.0000153,.0000123
.0003964,.000319
.0006545,.0005268
1,.8048204
.232869,.1874177
6.56e-06,5.28e-06
.0000181,.0000145
3.74e-06,3.01e-06
.0000138,.0000111
.000378,.0003042
.0006914,.0005565
.0000153,.0000123
.0001198,.0000965
4.77e-06,3.84e-06
.0000277,.0000223
.000021,.0000169
.0000553,.0000445
5.36e-06,4.31e-06
.000083,.0000668
.0001014,.0000816
.0003503,.0002819
9.22e-06,7.42e-06
.0000922,.0000742
9.22e-06,7.42e-06
.0000645,.0000519
9.22e-06,7.42e-06
.0001291,.0001039
.0000201,.0000191
.0001201,.0001137
.0000267,.0000253
.0017208,.0016304
.0000133,.0000126
.0000267,.0000253
.0000124,.0000118
.0001734,.0001643
9.26e-06,8.77e-06
.0000934,.0000885
.0000172,.0000163
.0022944,.0021739
3.60e-06,3.41e-06
.00008,.0000758
2.58e-06,2.45e-06
.0001067,.0001011
4.97e-06,4.71e-06
.0000667,.0000632
.0000534,.0000506
.0009871,.0009353
.00008,.0000758
.0005069,.0004803
.00004,.0000379
.0002268,.0002149
.0000107,.0000102
.0001201,.0001137
4.51e-06,4.27e-06
.00008,.0000758
.0000534,.0000506
.0005202,.0004929
.0000133,.0000126
.0004402,.0004171
6.57e-06,6.22e-06
.00008,.0000758
.0001067,.0001011
.000747,.0007078
.0433269,.0410508
1,.9474677
.0000101,9.53e-06
.0000133,.0000126
5.73e-06,5.43e-06
.0000534,.0000506
.0001734,.0001643
.0008537,.0008089
.0000234,.0000222
.0007203,.0006825
7.31e-06,6.93e-06
.0001201,.0001137
.0000133,.0000126
.0001467,.000139
.0000133,.0000126
.0001467,.000139
.0001178,.0001116
.0002268,.0002149
.000062,.0000588
.0000667,.0000632
7.57e-06,7.17e-06
.0001067,.0001011
.0000133,.0000126
.0003468,.0003286
.0000213,.0000179
.0000634,.0000534
.0000393,.0000331
.0007176,.0006034
.0000459,.0000386
.0001884,.0001584
.0000151,.0000127
.0004416,.0003713
.0001656,.0001392
.0008831,.0007427
.0000361,.0000303
.0004968,.0004177
.0000119,.00001
.0000851,.0000716
.0000153,.0000129
.0001458,.0001226
.0000125,.0000105
.0000772,.0000649
.0000552,.0000464
.0006072,.0005106
.0000299,.0000252
.0000955,.0000803
.000051,.0000429
.0001104,.0000928
.0000349,.0000294
.000218,.0001833
.0000147,.0000124
.0000899,.0000756
.0012143,.0010211
.0017663,.0014853
.0000552,.0000464
.0003715,.0003124
.0000111,9.37e-06
.0000397,.0000334
.0000168,.0000142
.0000664,.0000559
.0000386,.0000325
.0002275,.0001913
1,.8409135
.1702269,.1431461
.0002521,.000212
.0001104,.0000928
.0000964,.000081
.0003773,.0003172
.0000111,9.32e-06
.0001656,.0001392
.0002208,.0001857
.0004416,.0003713
.0001104,.0000928
.0000552,.0000464
.0001067,.0000898
.0000552,.0000464
.0000229,.0000193
.0001104,.0000928
.0032014,.0026921
.0040846,.0034348
.000044,.000037
.000454,.0003818
.0000182,.0000153
.0004416,.0003713
.0000383,.0000346
.0004536,.000409
.0000708,.0000638
.0016631,.0014995
.0001512,.0001363
.0001512,.0001363
.0000272,.0000245
.0006048,.0005453
.0001512,.0001363
.0016631,.0014995
.0000648,.0000585
.0036287,.0032717
.0000214,.0000193
.000153,.000138
.0000275,.0000248
.0002621,.0002363
.0000224,.0000202
.0003024,.0002726
.0001653,.0001491
.0003024,.0002726
.0000538,.0000485
.0001718,.0001549
.0000917,.0000827
.0001512,.0001363
.0000628,.0000566
.0003024,.0002726
.0000264,.0000238
.0001617,.0001458
.0003024,.0002726
.0013607,.0012269
.0001512,.0001363
.0009072,.0008179
.00002,.0000181
.0000715,.0000644
.0000303,.0000273
.0001194,.0001077
.0000694,.0000626
.0003024,.0002726
.0846689,.0763394
1,.9016234
.0004533,.0004087
.0004536,.000409
.0003024,.0002726
.0009072,.0008179
.0000199,.000018
.0013607,.0012269
.0003581,.0003229
.0015119,.0013632
.0002993,.0002699
.0003024,.0002726
.0001919,.0001731
.0004536,.000409
.0000412,.0000372
.0004536,.000409
.00046,.0004148
.0006048,.0005453
.0000792,.0000714
.0008164,.0007361
.0000327,.0000295
.0010584,.0009542
.0000192,.0000175
.0000539,.0000493
.0000255,.0000233
.0005931,.0005422
.0000679,.0000621
.0000539,.0000493
.0000199,.0000182
.0001078,.0000986
.0013479,.0012322
.0009165,.0008379
.0000565,.0000516
.0003774,.000345
.0000212,.0000193
.0001513,.0001383
.0000291,.0000266
.0002778,.0002539
.0000235,.0000215
.0001458,.0001333
.0001078,.0000986
.0001078,.0000986
.0000346,.0000316
.0001104,.0001009
.0001078,.0000986
.0001078,.0000986
.0000335,.0000306
.0002696,.0002464
.0000191,.0000175
.0000539,.0000493
.0003774,.000345
.0001078,.0000986
.0001078,.0000986
.0004313,.0003943
.0000134,.0000122
.0000477,.0000436
.0000179,.0000164
.0000707,.0000646
.0000359,.0000328
.0002116,.0001934
.0004118,.0003764
.0011327,.0010355
1,.9141971
.0759111,.0693978
.0003774,.000345
.0002857,.0002612
.0000539,.0000493
.0000539,.0000493
.0000539,.0000493
.0003774,.000345
.0003774,.000345
.0001078,.0000986
.0000539,.0000493
.0004313,.0003943
.0000157,.0000144
.0001078,.0000986
.0044749,.0040909
.0014018,.0012815
.0001078,.0000986
.0012214,.0011166
.0000205,.0000188
.0002157,.0001972
.0001913,.0001718
.0003826,.0003436
.0000972,.0000873
.0015305,.0013742
.0002589,.0002324
.0007653,.0006871
.0000758,.0000681
.0011479,.0010307
.0035717,.003207
.0034437,.003092
.0002151,.0001931
.003061,.0027485
.0000806,.0000724
.0001913,.0001718
.000111,.0000997
.0010584,.0009503
.0000897,.0000805
.0009566,.0008589
.0001913,.0001718
.0007653,.0006871
.0001317,.0001183
.0004205,.0003776
.0001289,.0001158
.0021045,.0018896
.0001276,.0001146
.0049742,.0044662
.0000729,.0000655
.0004458,.0004003
.0003884,.0003487
.0014123,.0012681
.0015305,.0013742
.0040176,.0036074
.0000509,.0000457
.0001913,.0001718
.0000683,.0000613
.0002694,.0002419
.0001368,.0001228
.0008062,.0007238
.001569,.0014088
.0001913,.0001718
.0501244,.045006
1,.8978873
.0009566,.0008589
.0021045,.0018896
.0000448,.0000402
.0019131,.0017178
.0001913,.0001718
.0022958,.0020613
.0003826,.0003436
.0013392,.0012025
.0008323,.0007473
.0022958,.0020613
.0000599,.0000538
.0001913,.0001718
.0005739,.0005153
.010754,.0096558
.0004513,.0004053
.0005739,.0005153
.0000783,.0000703
.0013392,.0012025
.0000191,.0000155
.0000545,.0000444
.0000954,.0000777
.00276,.002249
2.72e-06,2.22e-06
.0000109,8.88e-06
.0000136,.0000111
.0001662,.0001354
.0000105,8.52e-06
.000049,.00004
5.45e-06,4.44e-06
.0017546,.0014298
2.72e-06,2.22e-06
.0000272,.0000222
3.35e-06,2.73e-06
.0000381,.0000311
8.17e-06,6.66e-06
.0000327,.0000266
.0000572,.0000466
.000861,.0007016
.0004141,.0003375
.000722,.0005883
.0000354,.0000289
.000346,.000282
5.45e-06,4.44e-06
.0000572,.0000466
7.79e-06,6.35e-06
.0000218,.0000178
.0000763,.0000622
.0002071,.0001687
.0001253,.0001021
.0010081,.0008215
.0000124,.0000101
.0000136,.0000111
.0002643,.0002154
.0003678,.0002997
.0002289,.0001865
.0008746,.0007127
8.17e-06,6.66e-06
.0000627,.0000511
5.30e-06,4.32e-06
.0000354,.0000289
1,.8148659
.2118579,.1726358
.0000545,.0000444
.0008446,.0006883
.0000136,.0000111
.0000599,.0000488
.0000191,.0000155
.0002152,.0001754
.0000136,.0000111
.0000436,.0000355
.0000872,.000071
.0017519,.0014276
.0001989,.0001621
.0003842,.000313
.0000109,8.88e-06
.000079,.0000644
.0000245,.00002
.0006648,.0005417
.0000867,.0000814
.0001048,.0000984
.0000951,.0000892
.0016417,.0015409
.0000116,.0000109
.0000466,.0000437
.0000164,.0000154
.0001863,.0001748
9.76e-06,9.16e-06
.0001048,.0000984
.00002,.0000188
.0018629,.0017485
.0000233,.0000219
.0000815,.0000765
3.12e-06,2.93e-06
.0000582,.0000546
.0000116,.0000109
.000163,.000153
.0000233,.0000219
.0004075,.0003825
.0000233,.0000219
.000326,.000306
.0000116,.0000109
.0003376,.0003169
.0000257,.0000241
.0001048,.0000984
7.27e-06,6.83e-06
.0000582,.0000546
.0000116,.0000109
.000163,.000153
.0000582,.0000546
.000652,.000612
.0000116,.0000109
.0000699,.0000656
.0000582,.0000546
.0001514,.0001421
.0000466,.0000437
.0004774,.0004481
.0000107,.00001
.0000116,.0000109
4.95e-06,4.64e-06
.0000233,.0000219
.055432,.0520288
1,.9386048
.0000436,.0000409
.0006054,.0005683
.0000124,.0000116
.0001164,.0001093
.0000116,.0000109
.0001514,.0001421
.0000233,.0000219
.000163,.000153
.0001196,.0001122
.0004308,.0004043
.0000233,.0000219
.0001514,.0001421
.0000116,.0000109
.0000815,.0000765
.0000233,.0000219
.0004075,.0003825
.0002674,.0000961
.0001337,.0000481
.0000146,5.27e-06
.0006684,.0002403
7.29e-06,2.62e-06
.0000299,.0000108
.0001013,.0000364
.0004011,.0001442
6.35e-06,2.28e-06
.0000279,.00001
.0000569,.0000205
.002139,.0007691
8.05e-06,2.89e-06
.0002674,.0000961
4.38e-06,1.57e-06
.0000417,.000015
.0000105,3.76e-06
.0000648,.0000233
.0000389,.000014
.0002564,.0000922
.0000227,8.18e-06
.0000726,.0000261
.0000314,.0000113
.0001337,.0000481
.0002674,.0000961
.0002123,.0000763
.0000141,5.07e-06
.0001337,.0000481
.0000275,9.89e-06
.0001,.000036
.0002674,.0000961
.0025401,.0009133
.0001337,.0000481
.0001337,.0000481
.0000164,5.90e-06
.0000648,.0000233
.0000453,.0000163
.0002671,.000096
5.59e-06,2.01e-06
.0000154,5.52e-06
3.63e-06,1.30e-06
.0001337,.0000481
.0001985,.0000714
.0001337,.0000481
1,.3595322
1.767781,.6355742
6.72e-06,2.42e-06
.0001337,.0000481
.0000167,6.01e-06
.0000829,.0000298
.0000101,3.62e-06
.0001337,.0000481
.0001337,.0000481
.0001337,.0000481
.0000312,.0000112
.0001337,.0000481
9.97e-06,3.59e-06
.0001028,.000037
.0016913,.0006081
.0014706,.0005287
.0000741,.0000725
.0007165,.0007012
9.19e-06,9.00e-06
.0003953,.0003869
4.57e-06,4.48e-06
.0001235,.0001209
.0000636,.0000622
.0003212,.0003143
3.99e-06,3.90e-06
.0000741,.0000725
.0000357,.000035
.0017295,.0016926
5.05e-06,4.95e-06
.0000247,.0000242
2.75e-06,2.69e-06
.0000247,.0000242
6.56e-06,6.42e-06
.0000247,.0000242
.0000244,.0000239
.0001609,.0001575
.0000143,.000014
.0000741,.0000725
.0000197,.0000193
.0000494,.0000484
.0000213,.0000209
.000173,.0001693
8.84e-06,8.65e-06
.0002224,.0002176
.0000173,.0000169
.0000247,.0000242
.0001235,.0001209
.0031626,.0030951
.0000285,.0000279
.0001977,.0001934
.0000103,.0000101
.0000741,.0000725
.0000284,.0000278
.000173,.0001693
3.51e-06,3.43e-06
.0000247,.0000242
2.28e-06,2.23e-06
.0000494,.0000484
.0001246,.0001219
.0000988,.0000967
.009389,.0091886
1,.9786592
4.22e-06,4.13e-06
.0001482,.0001451
.0000105,.0000103
.0000988,.0000967
6.32e-06,6.18e-06
.0001235,.0001209
8.47e-06,8.29e-06
.0000494,.0000484
.000173,.0001693
.0009883,.0009672
6.26e-06,6.13e-06
.000173,.0001693
.0000494,.0000484
.002026,.0019828
.0000541,.0000456
.0000541,.0000456
.0000309,.0000261
.0020792,.0017526
.0000232,.0000195
.0000464,.0000391
7.73e-06,6.52e-06
.0006493,.0005473
.0001469,.0001238
.0009275,.0007818
.0000232,.0000195
.0122663,.0103399
.0000175,.0000148
.0000464,.0000391
.0000247,.0000208
.0000464,.0000391
7.73e-06,6.52e-06
.0001005,.0000847
.000201,.0001694
.0016695,.0014073
.0000221,.0000186
.0000232,.0000195
.0002164,.0001824
.0008966,.0007558
.0000773,.0000652
.0001469,.0001238
.0000308,.0000259
.0000232,.0000195
.0003633,.0003062
.0013603,.0011467
.0002473,.0002085
.0010589,.0008926
.0000203,.0000171
.0000696,.0000586
7.73e-06,6.52e-06
7.73e-06,6.52e-06
.0000155,.000013
.0001237,.0001042
.0002628,.0002215
.0010589,.0008926
7.73e-06,6.52e-06
.0003324,.0002802
.0001391,.0001173
.0005256,.000443
.0000155,.000013
.0004792,.000404
1,.8429489
.152946,.1289257
.0002241,.0001889
.0013372,.0011272
.000085,.0000717
.0001932,.0001629
.0000222,.0000187
.0003246,.0002736
.0007884,.0006646
.0029603,.0024954
7.73e-06,6.52e-06
.0001546,.0001303
.0000464,.0000391
.0012676,.0010685
.0000536,.0000498
.0003794,.0003526
.0000443,.0000412
.0018023,.0016747
.0001449,.0001347
.0002846,.0002644
.0000299,.0000278
.0005692,.0005289
.0000316,.0000294
.0009802,.0009108
.0000316,.0000294
.0106874,.0099308
.0000316,.0000294
.0002213,.0002057
.0000324,.0000301
.0001581,.0001469
.0000205,.000019
.0003162,.0002938
.0001278,.0001187
.0004111,.000382
.000029,.000027
.0000949,.0000881
.0001265,.0001175
.0009486,.0008814
.0001299,.0001207
.0010118,.0009402
.0000316,.0000294
.0001265,.0001175
.0000316,.0000294
.0005059,.0004701
.0001265,.0001175
.0017707,.0016453
.0000267,.0000248
.0000632,.0000588
.0000175,.0000162
.0000632,.0000588
.000044,.0000409
.000253,.000235
.0003125,.0002904
.0006008,.0005582
.0000831,.0000772
.0002846,.0002644
.0000316,.0000294
.0007905,.0007345
.0000316,.0000294
.0010434,.0009696
.0461013,.0428375
1,.9292029
.0000316,.0000294
.0005059,.0004701
.0000949,.0000881
.0011383,.0010577
.0000291,.0000271
.0002846,.0002644
.0000949,.0000881
.0010751,.000999
.0000642,.0000597
.0007272,.0006758
.0000316,.0000294
.0010751,.000999
.0000107,8.31e-06
.000032,.0000249
.0001174,.0000914
.0034895,.0027158
.000013,.0000101
.000032,.0000249
9.67e-06,7.53e-06
.000064,.0000498
.0000107,8.31e-06
.0000854,.0000664
.0000107,8.31e-06
.0007577,.0005897
4.57e-06,3.56e-06
.0000327,.0000254
4.62e-06,3.59e-06
.0000107,8.31e-06
4.82e-06,3.75e-06
.0000213,.0000166
.0003308,.0002575
.0013553,.0010548
.0000194,.0000151
.000032,.0000249
.0000747,.0000581
.0003735,.0002907
.0000277,.0000215
.0000747,.0000581
7.72e-06,6.01e-06
.0000213,.0000166
.0003628,.0002824
.0016114,.0012541
.000064,.0000498
.0001387,.000108
7.71e-06,6.00e-06
.0000275,.0000214
.0000129,.0000101
.0000427,.0000332
.0000107,8.31e-06
.000032,.0000249
.000054,.000042
.0001174,.0000914
.0000137,.0000107
.0000427,.0000332
.0001494,.0001163
.0004162,.0003239
.0000108,8.37e-06
.0002348,.0001827
.0000534,.0000415
.0004055,.0003156
1,.7782784
.2725138,.2120916
.0000747,.0000581
.000096,.0000747
.000032,.0000249
.0004589,.0003571
.000064,.0000498
.0004482,.0003488
.000032,.0000249
.0002028,.0001578
.0000107,8.31e-06
.0001174,.0000914
.0000478,.0000454
.0001081,.0001025
.0001485,.0001409
.0028642,.002717
.0000229,.0000217
.0001351,.0001282
.000017,.0000161
.0002702,.0002563
.0000615,.0000583
.0001351,.0001282
.0000303,.0000287
.0019995,.0018968
8.03e-06,7.62e-06
.0001351,.0001282
8.11e-06,7.70e-06
.0001081,.0001025
8.47e-06,8.03e-06
.0001891,.0001794
.000054,.0000513
.0018104,.0017173
.0000341,.0000323
.0001621,.0001538
.000054,.0000513
.0005944,.0005639
.0000486,.0000461
.0002702,.0002563
.0000136,.0000129
.0000811,.0000769
.000027,.0000256
.0008106,.000769
.0001331,.0001262
.0005134,.000487
.0000135,.0000128
.0000483,.0000458
.0000227,.0000216
.0001351,.0001282
.0000811,.0000769
.0003783,.0003588
.000027,.0000256
.0000811,.0000769
.0000241,.0000228
.0000889,.0000843
.0001351,.0001282
.0007566,.0007177
.0000189,.0000179
.0005674,.0005383
.000054,.0000513
.0006755,.0006408
.0374504,.0355257
1,.948609
.0000365,.0000346
.0005404,.0005126
.000027,.0000256
.0007025,.0006664
.0000907,.000086
.0002702,.0002563
.0000191,.0000181
.0004593,.0004357
.0000272,.0000258
.0005404,.0005126
.0001084,.0000882
.0000884,.000072
.0001284,.0001044
.0027213,.0022142
.0002624,.0002135
.0025302,.0020587
.0004707,.000383
.0077846,.006334
.0000513,.0000418
.0003337,.0002716
.0010212,.0008309
.0549169,.044684
.0000285,.0000232
.0003908,.000318
.0001654,.0001346
.0021822,.0017756
.0000941,.0000766
.0004536,.000369
.0002853,.0002321
.001064,.0008657
.0000371,.0000302
.0001141,.0000928
.0000827,.0000673
.0005334,.000434
.0003109,.000253
.0010811,.0008797
.0000685,.0000557
.0002567,.0002089
.0001141,.0000928
.000251,.0002042
.0008558,.0006963
.0044471,.0036184
.0000257,.0000209
.0001626,.0001323
.0000228,.0000186
.0001141,.0000928
.0000827,.0000673
.000502,.0004085
.00002,.0000162
.0001512,.000123
.0000628,.0000511
.0001826,.0001485
.0002368,.0001926
.0004963,.0004039
.0000827,.0000673
.0035428,.0028827
.0000399,.0000325
.000639,.0005199
.0002681,.0002182
.0012494,.0010166
1,.8136652
.1135193,.0923667
8.56e-06,6.96e-06
.0004992,.0004062
.0025901,.0021075
.0048721,.0039643
.000502,.0004085
.0061786,.0050273
.0002738,.0002228
.0094476,.0076872
.0000167,.000015
.0001506,.000135
.000019,.000017
.0021918,.001965
.0003179,.000285
.0040657,.003645
.0001004,.00009
.001991,.001785
.0002288,.0002051
.0004852,.000435
.0001171,.000105
.0219515,.0196798
.0000968,.0000868
.0005019,.00045
.0003277,.0002938
.0018572,.001665
.0000167,.000015
.0006023,.00054
.0000167,.000015
.0006023,.00054
.0000248,.0000222
.0002008,.00018
.0000335,.00003
.0004852,.000435
.0000167,.000015
.0011043,.00099
.0000167,.000015
.0002342,.00021
.000058,.000052
.0002175,.000195
.0001004,.00009
.0014389,.00129
.000037,.0000332
.0000837,.000075
.0000137,.0000123
.0000837,.000075
.0000295,.0000264
.0003012,.00027
.0001,.0000896
.0002342,.00021
.0001253,.0001123
.0001673,.00015
.0000669,.00006
.0005019,.00045
.0000187,.0000168
.0025097,.00225
.0000167,.000015
.0007696,.00069
.0000167,.000015
.0003012,.00027
.0615881,.0552145
1,.8965117
.000013,.0000117
.000251,.000225
.0001673,.00015
.0017903,.001605
.0002008,.00018
.0039821,.00357
.0000167,.000015
.0024595,.002205
.0000131,8.59e-06
.0000389,.0000256
.0002937,.0001928
.00492,.0032288
2.71e-06,1.78e-06
.0000734,.0000482
4.75e-06,3.12e-06
.0001469,.0000964
5.82e-06,3.82e-06
.0000255,.0000168
6.89e-06,4.52e-06
.0000734,.0000482
1.55e-06,1.02e-06
.0001469,.0000964
1.25e-06,8.23e-07
.0000119,7.84e-06
1.90e-06,1.25e-06
.0000117,7.71e-06
.0005875,.0003855
.0016889,.0011084
.0000276,.0000181
.0000882,.0000579
.0000198,.000013
.0001143,.000075
6.81e-06,4.47e-06
.0000426,.0000279
2.29e-06,1.50e-06
.000014,9.20e-06
.0000982,.0000644
.0007343,.0004819
.0000618,.0000406
.0002203,.0001446
3.07e-06,2.02e-06
.000011,7.20e-06
.0000245,.0000161
.0000966,.0000634
.0001449,.0000951
.0005875,.0003855
7.35e-06,4.82e-06
.0000202,.0000133
3.08e-06,2.02e-06
.0000114,7.47e-06
.0003463,.0002273
.0002937,.0001928
8.59e-06,5.64e-06
.0001469,.0000964
5.95e-06,3.91e-06
.0000734,.0000482
.0000496,.0000326
.0000734,.0000482
4.45e-06,2.92e-06
.0000256,.0000168
1,.656264
.5119694,.3359871
.0000218,.0000143
.0001469,.0000964
3.32e-06,2.18e-06
.0000343,.0000225
9.83e-06,6.45e-06
.0001669,.0001095
.0000244,.0000238
.0000933,.0000908
.0000467,.0000454
.0027998,.0027252
5.05e-06,4.92e-06
.0000467,.0000454
8.86e-06,8.62e-06
.0001867,.0001817
.0000467,.0000454
.0000467,.0000454
.0000129,.0000125
.0011666,.0011355
2.89e-06,2.81e-06
.0000467,.0000454
2.34e-06,2.28e-06
.00014,.0001363
3.54e-06,3.44e-06
.00014,.0001363
.0005133,.0004996
.0040597,.0039515
.0000515,.0000502
.0002333,.0002271
.0000369,.0000359
.00014,.0001363
.0000467,.0000454
.00028,.0002725
4.28e-06,4.16e-06
.00014,.0001363
.0000467,.0000454
.0003733,.0003634
.0001154,.0001123
.00028,.0002725
5.73e-06,5.58e-06
.0000933,.0000908
.0000457,.0000445
.0000933,.0000908
.0002704,.0002632
.0003733,.0003634
.0000137,.0000134
.0000377,.0000367
5.76e-06,5.60e-06
.0000467,.0000454
.0002333,.0002271
.00056,.000545
.000016,.0000156
.00042,.0004088
.0000111,.0000108
.0002333,.0002271
.0000925,.0000901
.0003266,.0003179
8.31e-06,8.09e-06
.0002333,.0002271
.0123658,.0120362
1,.9733386
.0000406,.0000395
.0003266,.0003179
6.20e-06,6.03e-06
.0001867,.0001817
.0000183,.0000179
.0001867,.0001817
8.31e-06,7.26e-06
.0000247,.0000216
.0000122,.0000106
.0001992,.0001741
.0000181,.0000158
.0000724,.0000633
.000012,.0000105
.0000543,.0000475
.0001268,.0001108
.0000543,.0000475
.000033,.0000288
.0003441,.0003008
.0000105,9.21e-06
.0000362,.0000317
9.40e-06,8.21e-06
.0000896,.0000783
.0000165,.0000144
.000102,.0000891
.0000242,.0000212
.0001596,.0001395
.0000401,.0000351
.0000362,.0000317
.0000362,.0000317
.0000906,.0000792
.0000543,.0000475
.0000362,.0000317
7.26e-06,6.34e-06
.0000444,.0000388
.0000611,.0000534
.0000724,.0000633
.0002717,.0002375
.0003441,.0003008
6.36e-06,5.56e-06
.0000227,.0000198
.0000173,.0000152
.0000684,.0000598
.0000269,.0000235
.0000362,.0000317
.0000543,.0000475
.0000181,.0000158
.0000586,.0000512
.0000362,.0000317
.0003079,.0002691
.0002173,.00019
.0000181,.0000158
.0001811,.0001583
.0000543,.0000475
.0000543,.0000475
.0000181,.0000158
.0000893,.000078
.000163,.0001425
.0000906,.0000792
7.68e-06,6.71e-06
.0000724,.0000633
1,.8741012
.1397497,.1221554
.0000523,.0000457
.0000181,.0000158
.0000362,.0000317
.0000543,.0000475
.0000262,.0000239
.0002107,.0001922
.0000421,.0000384
.001433,.0013072
.0000421,.0000384
.0003793,.000346
.0000421,.0000384
.0002107,.0001922
.0000843,.0000769
.0008851,.0008074
.0001043,.0000951
.0018545,.0016916
.0000333,.0000304
.0001686,.0001538
.0000297,.0000271
.0002829,.0002581
.000052,.0000475
.0001264,.0001153
.0000765,.0000698
.0001264,.0001153
.0001267,.0001156
.0004046,.0003691
.0001686,.0001538
.0002529,.0002307
.0000421,.0000384
.0002107,.0001922
.0000229,.0000209
.0002107,.0001922
.000193,.0001761
.0007019,.0006403
.0003793,.000346
.0020231,.0018454
.0000201,.0000183
.0000716,.0000653
.0000548,.00005
.0000421,.0000384
.000085,.0000775
.000295,.0002691
.0000914,.0000834
.0000421,.0000384
.000185,.0001688
.0000421,.0000384
.0004215,.0003845
.0010115,.0009227
.0000421,.0000384
.0017281,.0015763
.0000421,.0000384
.0003372,.0003076
.0000843,.0000769
.0000843,.0000769
.0002107,.0001922
.0008008,.0007305
.0000243,.0000221
.0006322,.0005767
.0780578,.0712026
1,.9121777
.0001653,.0001507
.0002529,.0002307
.0001264,.0001153
.0003793,.000346
.0002186,.0001988
.0000156,.0000142
5.54e-06,5.04e-06
.0000833,.0000757
.0003956,.0003598
.0000625,.0000568
.0000989,.00009
.0001718,.0001562
5.20e-06,4.73e-06
.000026,.0000237
.0006454,.0005871
.0016551,.0015055
.0001874,.0001704
.0001249,.0001136
.0001718,.0001562
.0001613,.0001468
.0000208,.0000189
.0000312,.0000284
.0001353,.0001231
.0000625,.0000568
5.20e-06,4.73e-06
5.20e-06,4.73e-06
.0000729,.0000663
.0000156,.0000142
.000052,.0000473
.0000625,.0000568
.0001666,.0001515
.0000468,.0000426
.000026,.0000237
5.20e-06,4.73e-06
.0010462,.0009516
.0003331,.000303
.0000156,.0000142
.0000312,.0000284
5.54e-06,5.04e-06
.0000219,.0000199
5.20e-06,4.73e-06
.0000637,.0000579
.0000164,.0000149
.0000451,.000041
.000027,.0000245
.0000104,9.47e-06
.0012544,.001141
.0001041,.0000947
.0000156,.0000142
.0001249,.0001136
5.20e-06,4.73e-06
5.20e-06,4.73e-06
.0001561,.000142
.0000833,.0000757
.0010566,.0009611
.0002498,.0002272
.0000104,9.47e-06
.0000156,.0000142
.0001145,.0001042
.000026,.0000237
1,.9096135
.0882527,.0802759
.0003643,.0003314
.0011711,.0010652
.0000105,9.53e-06
.0000721,.0000653
.0000361,.0000326
.0004326,.0003918
.0000361,.0000326
.0001803,.0001632
.000024,.0000217
.0002163,.0001959
.0000319,.0000289
.0001397,.0001265
.0000361,.0000326
.0021631,.0019588
.0000361,.0000326
.0001442,.0001306
.0001082,.0000979
.0007931,.0007182
.0001021,.0000925
.0000721,.0000653
.0000135,.0000122
.0000888,.0000804
.0000106,9.59e-06
.0000338,.0000306
.0000121,.000011
.0000361,.0000326
.0000235,.0000213
.0007571,.0006856
.0000297,.0000268
.0002163,.0001959
.0000188,.000017
.0000685,.000062
.0002884,.0002612
.0002884,.0002612
.0000148,.0000134
.0000361,.0000326
5.58e-06,5.05e-06
.000022,.0000199
.0000109,9.85e-06
.0000641,.0000581
.0000165,.0000149
.0000454,.0000411
.0000272,.0000246
.0001003,.0000908
.000025,.0000226
.0001803,.0001632
7.41e-06,6.71e-06
.0005047,.000457
.0000153,.0000139
.0001274,.0001153
.0000126,.0000114
.0000624,.0000565
.0000361,.0000326
.0008652,.0007835
3.88e-06,3.51e-06
.0000357,.0000323
.0001733,.0001569
.0000361,.0000326
.0950321,.0860548
1,.9055346
.0000157,.0000142
.0003245,.0002938
.0003989,.0001718
.0013844,.0005964
.0000821,.0000354
.0062413,.0026889
.0000352,.0000152
.0005162,.0002224
.0007156,.0003083
.0037073,.0015971
.0000821,.0000354
.0013961,.0006015
.0011263,.0004852
.0086933,.0037452
.0001408,.0000607
.0014665,.0006318
.0000469,.0000202
.0011849,.0005105
.0000704,.0000303
.0003285,.0001415
.0001833,.000079
.0025693,.0011069
.0000117,5.05e-06
.0005749,.0002477
.0000117,5.05e-06
.002405,.0010361
.0002346,.0001011
.0022173,.0009553
.0001056,.0000455
.0013492,.0005812
.0000117,5.05e-06
.0011263,.0004852
.0014782,.0006368
.0116849,.005034
.0003637,.0001567
.0013961,.0006015
.0000469,.0000202
.0006101,.0002628
.0001056,.0000455
.0017129,.0007379
.0000469,.0000202
.000481,.0002072
.0000246,.0000106
.0004927,.0002123
.0000704,.0000303
.0042352,.0018246
.0023229,.0010007
.0170112,.0073287
.0000117,5.05e-06
.0017715,.0007632
.0000934,.0000402
.0015603,.0006722
.0000587,.0000253
.0023346,.0010058
.00006,.0000259
.0013374,.0005762
.0000117,5.05e-06
.0026749,.0011524
.0001525,.0000657
.0042117,.0018145
1,.4308152
1.226401,.5283524
.0002755,.0002603
.0010833,.0010237
.0000216,.0000204
.0011755,.0011109
.0000185,.0000175
.0005301,.000501
.000023,.0000218
.0008298,.0007841
.0000134,.0000127
.0004379,.0004138
.0000461,.0000436
.0034344,.0032454
.0000246,.0000233
.0003688,.0003485
.0000119,.0000113
.0005071,.0004792
.0000317,.0000299
.0001383,.0001307
.0000577,.0000545
.0005762,.0005445
.000036,.000034
.0000922,.0000871
.000023,.0000218
.0006454,.0006099
.0000897,.0000848
.0008989,.0008495
.0000449,.0000425
.000484,.0004574
.0000451,.0000426
.0002535,.0002396
.0001844,.0001743
.0024663,.0023306
.0000461,.0000436
.0007376,.000697
.0000243,.0000229
.0005301,.000501
.000061,.0000576
.0007606,.0007188
.0000112,.0000106
.0002305,.0002178
7.75e-06,7.32e-06
.0000922,.0000871
.000023,.0000218
.0009911,.0009366
.000023,.0000218
.0053015,.0050097
.0000141,.0000133
.0005071,.0004792
.0000294,.0000278
.0001383,.0001307
.0000246,.0000233
.0005993,.0005663
.0000189,.0000178
.0002996,.0002832
.0000461,.0000436
.0006684,.0006317
.0000259,.0000244
.0010603,.0010019
.0310944,.0293832
1,.9449687
